train_loss,val_loss,demographic_parity,equalized_odds,exposure_gap,adversary_accuracy
-0.4358800768479705,-0.6534250463758197,0.024617996604414244,0.09053465691396725,0.0,0.62
-2.512279624938965,-3.186166729245867,-0.007640067911714787,0.03541448972483452,0.0,0.62
-4.5377401351928714,-5.0226859365190775,0.2707979626485569,0.539594218042494,0.0,0.62
